COD_ACIDENTE;MOTOCICLETA;AUTOMOVEL;MICROONIBUS;CAMINHAO;ONIBUS;CICLOMOTOR;BICICLETA;OUTROS;TREM;TRACAOANIMAL
DCA3537;0;2;0;0;0;0;0;0;0;0;
UMF4535;0;0;0;0;1;0;1;0;0;0;
DSS5743;1;0;0;1;0;0;0;0;0;0;
HIH7360;2;0;0;0;0;0;0;0;0;0;
EET9346;1;0;0;0;1;0;0;0;0;0;
KAD5023;1;1;0;0;0;0;0;0;0;0;
ZFD8288;0;1;0;0;1;0;0;0;0;0;
VSU1976;1;0;0;0;0;0;1;0;0;0;
IEQ7114;1;1;0;0;0;0;0;0;0;0;
GLL2160;1;1;0;0;1;0;0;0;0;0;
BYD7658;1;0;0;0;0;0;0;0;0;0;
DHA3700;1;0;0;0;1;0;0;0;0;0;
XQT4546;0;1;0;0;0;0;0;0;0;0;
SDM2581;1;1;0;0;0;0;0;0;0;0;
VTV2642;0;1;0;0;0;0;1;0;0;0;
UCB9857;0;2;0;0;0;0;0;0;0;0;
TJZ2073;1;1;0;0;0;0;0;0;0;0;
FBB2903;0;1;0;0;0;0;0;0;0;0;
USV4019;0;1;0;0;0;0;1;0;0;0;
QAT6587;1;1;0;0;0;0;0;0;0;0;
HRK1325;1;1;0;0;0;0;0;0;0;0;
MKK3879;0;2;0;0;0;0;0;0;0;0;
AMX9898;0;1;0;0;0;0;0;1;0;0;
BYV0061;1;1;0;0;0;0;0;0;0;0;
KJF2047;1;1;0;0;0;0;0;0;0;0;
RNQ8237;0;2;0;0;0;0;0;0;0;0;
PES3220;1;1;0;0;0;0;0;0;0;0;
UOI4317;1;0;0;0;0;0;0;0;0;0;
SWP5765;1;0;0;0;1;0;0;0;0;0;
EWY0516;1;1;0;0;0;0;0;0;0;0;
LOH2700;0;2;0;0;0;0;0;0;0;0;
PIT2062;1;1;0;0;0;0;0;0;0;0;
TBE9572;1;1;0;0;0;0;0;0;0;0;
SMQ4728;1;1;0;0;0;0;0;0;0;0;
DTT1915;0;2;0;0;0;0;0;0;0;0;
PWD5755;1;0;0;0;0;0;0;0;0;0;
IXZ9575;1;0;0;0;0;0;0;0;0;0;
WVN0408;1;0;0;1;0;0;0;0;0;0;
FKB8193;1;1;0;0;0;0;0;0;0;0;
FJJ8102;1;0;0;1;0;0;0;0;0;0;
HGC4264;2;0;0;0;0;0;0;0;0;0;
HGC4264;1;1;0;0;0;0;0;0;0;0;
PVL1086;1;1;0;0;0;0;0;0;0;0;
GOK6152;1;1;0;0;0;0;0;0;0;0;
YUE8300;1;1;0;0;0;0;0;0;0;0;
FVR4245;1;0;0;0;0;0;0;0;0;0;
RNV2291;1;1;0;0;0;0;0;0;0;0;
YJO3745;0;1;1;0;0;0;0;0;0;0;
LGH5337;2;0;0;0;0;0;0;0;0;0;
HXI1676;0;2;0;0;0;0;0;0;0;0;
EOV3412;0;1;0;0;1;0;0;0;0;0;
FYT4157;0;4;0;0;0;0;0;0;0;0;
MTP9457;1;1;0;0;0;0;0;0;0;0;
SHY6608;1;1;0;0;0;0;0;0;0;0;
OSB7079;1;1;0;0;0;0;0;0;0;0;
OMK5780;0;2;0;0;0;0;0;0;0;0;
GFW5831;0;0;0;0;0;0;0;0;0;0;
WQZ6549;1;0;0;0;0;0;1;0;0;0;
XCA4694;1;1;0;0;0;0;0;0;0;0;
KTV9828;1;1;0;0;0;0;0;0;0;0;
UZA7984;0;1;0;0;0;0;1;0;0;0;
KTV9828;1;1;0;0;0;0;0;0;0;0;
QVD1305;1;0;0;0;1;0;0;0;0;0;
DFZ8991;1;0;0;1;0;0;0;0;0;0;
UZD6995;0;3;0;0;0;0;0;0;0;0;
ZKQ5022;1;1;0;0;0;0;0;0;0;0;
KIC0656;1;0;0;0;1;0;0;0;0;0;
JUN9589;1;1;0;0;0;0;0;0;0;0;
BVC4042;1;1;0;0;0;0;0;0;0;0;
HJU0235;1;1;0;0;0;0;0;0;0;0;
TSC2229;1;1;0;0;0;0;0;0;0;0;
IET7636;0;1;0;1;0;0;0;0;0;0;
SCP4554;1;1;0;0;0;0;0;0;0;0;
LPS9473;0;2;0;0;0;0;0;0;0;0;
TFH5853;2;0;0;0;0;0;0;0;0;0;
ICN1564;1;1;0;0;0;0;0;0;0;0;
WHQ5032;0;1;0;0;0;0;0;0;0;0;
ZXS4786;0;3;0;0;0;0;0;0;0;0;
ZNM9673;0;2;0;0;0;0;0;0;0;0;
RYM9364;1;1;0;0;0;0;0;0;0;0;
DLN0488;1;0;0;0;0;0;0;0;0;0;
VRB5424;0;2;0;0;0;0;0;0;0;0;
LES9740;0;2;0;0;0;0;0;0;0;0;
QXC4526;1;1;0;0;0;0;0;0;0;0;
UXS2004;0;2;0;0;0;0;0;0;0;0;
HSN8880;1;1;0;0;0;0;0;0;0;0;
ZYC2433;1;1;0;0;0;0;0;0;0;0;
UOO7550;0;1;0;1;0;0;0;0;0;0;
DHS1002;0;1;0;0;0;0;0;0;0;1;
EDF3638;2;0;0;0;0;0;0;0;0;0;
LAT7619;1;1;0;0;0;0;0;0;0;0;
SUH4086;0;1;0;0;0;0;0;0;0;0;
SON0391;1;1;0;0;0;0;0;0;0;0;
EBF7929;0;1;0;1;0;0;0;0;0;0;
BZZ3583;1;1;0;0;0;0;0;0;0;0;
HMM1199;1;0;0;0;0;0;1;0;0;0;
VFE9448;0;2;0;0;0;0;0;0;0;0;
UQX9040;0;0;0;0;1;1;0;0;0;0;
FSD8171;0;2;0;0;0;0;0;0;0;0;
KUH2551;0;2;0;0;1;0;0;0;0;0;
QEG1328;2;0;0;0;0;0;0;0;0;0;
BYQ1882;0;1;0;0;0;0;1;0;0;0;
FGS4794;1;0;0;0;0;0;0;0;0;0;
QVB6406;1;0;0;0;1;0;0;0;0;0;
SLU5919;1;1;0;0;0;0;0;0;0;0;
CXG6913;1;1;0;0;0;0;0;0;0;0;
SBS3907;1;1;0;0;0;0;0;0;0;0;
DTF9287;1;2;0;0;0;0;0;0;0;0;
VVW5223;1;0;0;0;1;0;0;0;0;0;
RWT2864;1;1;0;0;0;0;0;0;0;0;
ZVH4903;0;1;0;0;0;0;0;0;0;0;
STM5868;1;1;0;0;0;0;0;0;0;0;
OJF5513;1;1;0;0;0;0;0;0;0;0;
ZUQ2778;1;0;0;0;0;0;0;0;0;0;
YCH1031;1;1;0;0;0;0;0;0;0;0;
RHN7673;1;0;0;0;0;0;0;0;0;0;
QEX4064;0;1;0;2;0;0;0;0;0;0;
PGL4538;1;1;0;0;0;0;0;0;0;0;
PEN2473;0;1;0;0;0;0;0;0;0;0;
YMK5140;1;1;0;0;0;0;0;0;0;0;
SWJ7286;1;1;0;0;0;0;0;0;0;0;
OZD0745;0;0;0;0;1;0;0;0;0;0;
ATJ8733;1;0;0;0;0;0;0;0;0;0;
OQG9710;1;1;0;0;0;0;0;0;0;0;
XAO9401;1;0;0;0;0;0;0;0;0;0;
AFJ4793;2;0;0;0;0;0;0;0;0;0;
PJJ2671;1;0;0;0;1;0;0;0;0;0;
WIR4894;1;1;0;0;0;0;0;0;0;0;
IFG9969;0;2;0;0;0;0;0;0;0;0;
CTX6147;1;1;0;0;0;0;0;0;0;0;
XHN3188;0;2;0;0;0;0;0;0;0;0;
MNL2823;0;2;0;0;0;0;0;0;0;0;
GDL4225;0;1;0;0;0;0;0;0;0;0;
ECC0833;0;1;0;0;0;1;0;0;0;0;
MBA5739;1;1;0;0;0;0;0;0;0;0;
CWJ8784;0;2;0;0;0;0;0;0;0;0;
SKU4289;1;1;0;0;0;0;0;0;0;0;
IMN0674;1;1;0;0;0;0;0;0;0;0;
EIU1684;1;1;0;0;0;0;0;0;0;0;
DHI4941;0;1;0;0;0;0;0;0;0;0;
ZHG6541;1;1;0;0;0;0;0;0;0;0;
QHK5839;1;1;0;0;0;0;0;0;0;0;
DUA9085;0;0;0;1;1;0;0;0;0;0;
LGL8578;0;1;0;0;0;0;0;0;0;0;
AXZ6207;1;1;0;0;0;0;0;0;0;0;
VMD3773;0;3;0;0;0;0;0;0;0;0;
EXY4829;1;1;0;0;0;0;0;0;0;0;
XEZ2949;1;1;0;0;0;0;0;0;0;0;
TRF3153;1;1;0;0;0;0;0;0;0;0;
UXL9409;1;1;0;0;0;0;0;0;0;0;
MSF9815;1;1;0;0;0;0;0;0;0;0;
RXN9518;0;1;0;2;0;0;0;0;0;0;
JFP9248;1;4;0;0;0;0;0;0;0;0;
MEG0721;1;1;0;0;0;0;0;0;0;0;
IYR8086;0;1;0;0;1;0;0;0;0;0;
OTL7316;1;1;0;0;0;0;0;0;0;0;
GZG2485;0;1;0;0;0;0;0;0;0;0;
HYD7666;0;2;0;0;0;0;0;0;0;0;
UDU6187;0;0;0;0;1;0;0;0;0;0;
VUT7902;2;0;0;0;0;0;0;0;0;0;
MMT0055;1;2;0;0;0;0;0;0;0;0;
OJW3589;1;1;0;0;0;0;0;0;0;0;
VXN2421;1;1;0;0;0;0;0;0;0;0;
SBJ4309;0;2;0;0;0;0;0;0;0;0;
LUX6641;1;0;0;0;0;0;0;0;0;0;
DOJ9596;0;1;0;0;0;0;0;0;0;0;
MXG9667;0;2;0;0;0;0;0;0;0;0;
ZAT5340;0;0;0;0;1;0;0;0;0;0;
KKE4421;1;0;0;0;0;0;0;0;0;0;
JOE6238;0;1;0;0;0;0;0;0;0;0;
OSS1531;0;2;0;0;0;0;0;0;0;0;
BKV2609;0;1;0;0;1;0;0;0;0;0;
URQ0276;1;1;0;0;0;0;0;0;0;0;
QPK3900;1;1;0;0;0;0;0;0;0;0;
QZS1507;1;1;0;0;0;0;0;0;0;0;
FIZ6396;1;1;0;0;0;0;0;0;0;0;
XGH1480;1;1;0;0;0;0;0;0;0;0;
IHI7726;0;2;0;0;0;0;0;0;0;0;
WAM9941;1;1;0;0;0;0;0;0;0;0;
WTM3371;1;1;0;0;0;0;0;0;0;0;
ZTU9214;1;1;0;0;0;0;0;0;0;0;
RBS0761;0;2;0;0;0;0;0;0;0;0;
ZCC0109;1;0;0;0;0;0;0;1;0;0;
GQZ0808;0;2;0;0;0;0;0;0;0;0;
TXX6890;1;1;0;0;0;0;0;0;0;0;
AUA3282;1;1;0;0;1;0;0;0;0;0;
GHG8832;1;2;0;0;0;0;0;0;0;0;
GRA8010;1;0;0;0;1;0;0;0;0;0;
ZKN8925;1;1;0;0;0;0;0;0;0;0;
JEZ5563;2;0;0;0;0;0;0;0;0;0;
DFA7981;1;0;0;0;1;0;0;0;0;0;
DNS9448;0;1;0;1;0;0;0;0;0;0;
BVB4660;0;1;0;0;0;0;0;0;0;0;
UIQ6394;1;1;0;0;0;0;0;0;0;0;
ROA8267;2;1;0;0;0;0;0;0;0;0;
EOE8330;0;1;0;0;0;0;0;0;0;0;
ZBI5672;0;0;0;1;0;0;0;0;0;0;
YQP4005;0;1;0;0;0;0;0;0;0;0;
FCG1350;0;2;0;0;0;0;0;0;0;0;
KRX9478;1;1;0;0;0;0;0;0;0;0;
IHQ3543;1;1;0;0;0;0;0;0;0;0;
HAP8953;1;0;0;0;0;0;0;0;0;0;
SYK9521;1;1;0;0;0;0;0;0;0;0;
RPH8963;1;1;0;0;0;0;0;0;0;0;
WQD1922;1;0;0;0;0;0;0;0;0;0;
EJG9403;2;0;0;0;0;0;0;0;0;0;
SJO0151;1;1;0;0;0;0;0;0;0;0;
CYY9410;0;1;0;0;0;0;1;0;0;0;
CSM7982;0;2;0;0;0;0;0;0;0;0;
WAV1720;1;1;0;0;0;0;0;0;0;0;
DXS5193;0;2;0;0;0;0;0;0;0;0;
DJF9704;1;1;0;0;0;0;0;0;0;0;
VJO9322;1;1;0;0;0;0;0;0;0;0;
BNT6451;1;0;0;0;1;0;0;0;0;0;
ZYL1822;0;3;0;0;0;0;0;0;0;0;
XYK9991;1;1;0;0;0;0;0;0;0;0;
MCV8885;1;1;0;0;0;0;0;0;0;0;
EIA8042;2;0;0;0;0;0;0;0;0;0;
CVQ7726;1;1;1;0;0;0;0;0;0;0;
CMO3531;1;0;0;0;0;0;0;0;0;0;
ZNB8027;0;1;0;1;0;0;0;0;0;0;
WLS5488;0;1;0;0;1;0;0;0;0;0;
JTU0299;1;2;0;0;0;0;0;0;0;0;
ILL8592;0;1;0;0;0;0;0;1;0;0;
TOJ1397;1;1;0;0;0;0;0;0;0;0;
UJI3171;1;1;0;0;0;0;0;0;0;0;
ASE6669;0;0;0;0;1;0;1;0;0;0;
NCX9215;0;1;0;0;0;0;0;0;0;0;
HVB7439;1;0;0;0;1;0;0;0;0;0;
MWH7477;1;1;0;0;0;0;0;0;0;0;
VAU8455;0;1;0;0;0;0;0;0;0;0;
APC9925;1;1;0;0;0;0;0;0;0;0;
GVZ0142;1;1;0;0;0;0;0;0;0;0;
FZR1795;1;1;0;0;0;0;0;0;0;0;
CXM1398;1;1;0;0;0;0;0;0;0;0;
AID5431;0;1;0;1;0;0;0;0;0;0;
OXF0734;1;2;0;0;1;0;0;0;0;0;
PJM2379;0;2;0;0;0;0;0;0;0;0;
OEC3205;0;1;0;0;0;0;0;0;0;0;
CCD7266;1;1;0;0;0;0;0;0;0;0;
FMY5745;1;0;0;0;1;0;0;0;0;0;
FSU7999;0;1;0;0;0;1;0;0;0;0;
LJT3749;0;0;0;1;0;0;0;0;0;0;
CQR9100;1;1;0;0;0;0;0;0;0;0;
ASD0961;1;1;0;0;0;0;0;0;0;0;
EGT0508;1;1;0;0;0;0;0;0;0;0;
WDA1271;0;2;0;0;0;0;0;0;0;0;
CWZ3465;1;1;0;0;0;0;0;0;0;0;
FBQ2883;1;1;0;0;0;0;0;0;0;0;
HZW2971;1;1;0;0;0;0;0;0;0;0;
IOK3535;0;2;0;0;0;0;0;0;0;0;
KXY7054;1;1;0;0;0;0;0;0;0;0;
FCG3378;1;0;0;0;1;0;0;0;0;0;
DMA9526;0;1;0;0;0;0;0;0;0;0;
UHN1841;1;1;0;0;0;0;0;0;0;0;
IJM2389;0;2;0;0;0;0;0;0;0;0;
HIG7871;1;1;0;0;0;0;0;0;0;0;
DLP9333;0;1;0;0;0;0;1;0;0;0;
BJE5497;1;1;0;0;0;0;0;0;0;0;
DCY4798;0;1;0;1;0;0;0;0;0;0;
HVS7810;0;1;0;0;0;0;0;1;0;0;
OKU3222;1;0;0;0;0;0;0;0;0;0;
FNM7086;1;1;0;0;0;0;0;0;0;0;
YDM9833;0;2;0;0;0;0;0;0;0;0;
IBI0862;1;1;0;0;0;0;0;0;0;0;
QEN1677;0;1;0;1;0;0;0;0;0;0;
BBE5241;2;1;0;0;0;0;0;0;0;0;
QBS0502;0;1;0;0;1;0;0;0;0;0;
PVO8719;0;1;0;0;1;0;1;0;0;0;
DCK7263;0;2;0;0;0;0;0;0;0;0;
WGS9816;0;1;0;0;0;0;0;1;0;0;
JXP9764;1;1;0;0;0;0;0;0;0;0;
RRW7062;0;0;0;0;1;0;0;0;0;0;
ZBL4548;1;1;0;0;0;0;0;0;0;0;
YQN3375;0;1;0;0;0;0;0;0;0;0;
MTC7443;1;0;0;0;0;0;0;0;0;0;
QBP0894;1;1;0;0;0;0;0;0;0;0;
VYH9813;1;1;0;0;0;0;0;0;0;0;
OYE6262;1;0;0;0;0;0;1;0;0;0;
LKR0629;1;1;0;0;0;0;0;0;0;0;
LOK4348;0;2;0;0;0;0;0;0;0;0;
HVM7338;1;1;0;0;0;0;0;0;0;0;
QPB1449;0;2;0;0;0;0;0;0;0;0;
LJE0186;1;0;0;0;0;0;0;0;0;0;
LZF7550;1;1;0;0;0;0;0;0;0;0;
VCY2589;0;1;0;0;0;0;0;0;0;0;
MVQ9524;1;1;0;0;0;0;0;0;0;0;
MXA7288;1;0;0;0;0;0;0;0;0;0;
UER8123;1;1;0;0;0;0;0;0;0;0;
WTR7216;1;1;0;0;0;0;0;0;0;0;
OSZ7916;0;0;0;1;0;0;0;0;0;0;
FMN7687;0;3;0;0;0;0;0;0;0;0;
IOB3632;0;0;0;0;1;0;0;1;0;0;
HEC9606;1;1;0;0;0;0;0;0;0;0;
GAM5396;1;1;0;0;0;0;0;0;0;0;
IND9409;1;1;0;0;0;0;0;0;0;0;
GCL4384;0;2;0;0;0;0;0;0;0;0;
NVS0410;0;2;0;0;0;0;0;0;0;0;
WQK1227;0;1;0;0;0;0;0;0;0;0;
GTK4225;2;0;0;0;0;0;0;0;0;0;
KBA2956;1;1;0;0;0;0;0;0;0;0;
HKE2782;1;1;0;0;0;0;0;0;0;0;
EIU0077;2;1;0;0;0;0;0;0;0;0;
FZU4195;0;2;0;0;0;0;0;0;0;0;
AAS7045;1;1;0;0;0;0;0;0;0;0;
RTG6653;0;2;0;0;0;0;0;0;0;0;
DCZ8065;0;2;0;0;0;0;0;0;0;0;
ZMH9452;1;1;0;0;0;0;0;0;0;0;
CRV1643;1;1;0;0;0;0;0;0;0;0;
ZVX2536;0;2;1;0;0;0;0;0;0;0;
KRH7108;2;0;0;0;0;0;0;0;0;0;
GPC6647;1;1;0;0;0;0;0;0;0;0;
TYW3987;0;1;0;0;1;0;0;0;0;0;
ZFG7479;1;1;0;0;0;0;0;0;0;0;
LER9664;1;1;0;0;0;0;0;0;0;0;
JNC2967;0;1;0;0;0;0;0;0;0;0;
CWK4530;1;1;0;0;0;0;0;0;0;0;
NRC1506;0;2;0;0;0;0;0;0;0;0;
CQV7480;1;1;0;0;0;0;0;0;0;0;
EHC9748;0;2;0;0;0;0;0;0;0;0;
DKL8064;0;1;0;0;0;0;0;0;0;0;
EGK4811;0;1;0;0;0;0;0;0;0;0;
NBW4600;0;2;0;0;0;0;0;0;0;0;
XPO4878;1;1;0;0;0;0;0;0;0;0;
ZHM7997;0;2;0;0;0;0;0;0;0;0;
ZJN6266;1;1;0;0;0;0;0;0;0;0;
MYV8472;0;2;0;0;0;0;0;0;0;0;
CVH9835;1;1;0;0;0;0;0;0;0;0;
IRN2845;0;2;0;0;0;0;0;0;0;0;
BLO3389;1;1;0;0;0;0;0;0;0;0;
YIT8347;0;1;0;0;0;0;0;0;0;0;
KLP7200;1;1;0;0;0;0;0;0;0;0;
BVZ9554;1;1;0;0;0;0;0;0;0;0;
HTG5489;1;1;0;0;0;0;0;0;0;0;
ELU9836;0;3;0;0;0;0;0;0;0;0;
NBD8989;1;1;0;0;0;0;0;0;0;0;
QZU7910;1;1;0;0;0;0;0;0;0;0;
BFV1435;1;0;0;0;0;0;1;0;0;0;
MHB6276;1;0;0;1;0;0;0;0;0;0;
VZD2044;1;1;0;0;0;0;0;0;0;0;
UIC1380;1;0;0;0;0;0;0;0;0;0;
DXW6918;0;0;0;0;1;0;0;0;0;0;
LEX8855;0;1;0;1;0;0;0;0;0;0;
EMV7814;1;1;0;0;0;0;0;0;0;0;
VHC3968;0;1;0;0;1;0;0;0;0;0;
ASS5944;1;1;0;0;0;0;0;0;0;0;
PLJ5158;1;1;0;0;0;0;0;0;0;0;
WNB8732;0;2;0;0;0;0;0;0;0;0;
PSE3177;0;0;0;0;1;1;0;0;0;0;
FBS8183;0;2;0;0;0;0;0;0;0;0;
OVH8391;0;2;0;0;0;0;0;0;0;0;
TKV7150;2;0;0;0;0;0;0;0;0;0;
SBB8794;1;1;0;0;0;0;0;0;0;0;
CBB1003;1;1;0;0;0;0;0;0;0;0;
HSE0981;1;1;0;0;0;0;0;0;0;0;
HDQ3702;0;2;0;0;0;0;0;0;0;0;
IQI3711;0;2;0;0;0;0;0;0;0;0;
ZGF6539;0;1;0;1;0;0;0;0;0;0;
SJY7424;2;0;0;0;0;0;0;1;0;0;
NEK0763;1;0;0;0;0;0;0;0;0;0;
XXG1408;0;2;0;0;0;0;0;0;0;0;
VIG5686;0;0;0;1;0;1;0;0;0;0;
SLE4762;1;1;0;0;0;0;0;0;0;0;
CWF3130;0;0;0;0;1;0;1;0;0;0;
GMK9770;1;1;0;0;0;0;0;0;0;0;
XHC1728;1;1;0;0;0;0;0;0;0;0;
OHY6780;1;1;0;0;0;0;0;0;0;0;
HUO0642;1;1;0;0;0;0;0;0;0;0;
ENT5718;1;3;0;0;0;0;0;0;0;0;
TVK5955;0;1;0;0;1;0;0;0;0;0;
RVE0478;1;1;0;0;0;0;0;0;0;0;
OCQ2710;0;2;0;0;0;0;0;0;0;0;
UYI4042;0;2;0;0;0;0;0;0;0;0;
FQO4446;1;1;0;0;0;0;0;0;0;0;
WEE2687;1;0;0;0;1;0;0;0;0;0;
KCN7982;1;1;0;0;0;0;0;0;0;0;
KMK9268;0;2;0;0;0;0;0;0;0;0;
NDP4051;1;1;0;0;0;0;0;0;0;0;
EQH8753;0;1;0;0;0;0;0;0;0;0;
LDX4775;0;2;0;0;0;0;0;0;0;0;
PVJ5885;1;0;0;0;0;0;0;0;0;0;
ABM4269;1;1;0;0;0;0;0;0;0;0;
QKR6588;1;1;0;0;0;0;0;0;0;0;
CFU8919;1;1;0;0;0;0;0;0;0;0;
FGN2125;0;1;0;0;0;0;0;0;0;0;
MUV0184;0;4;0;0;0;0;0;0;0;0;
HST0869;1;1;0;0;0;0;0;0;0;0;
TPM3166;0;1;0;1;0;0;0;0;0;0;
TPM3166;0;3;0;0;0;0;0;0;0;0;
IEH7621;0;4;0;0;0;0;0;0;0;0;
HJW8897;0;2;0;0;0;0;0;0;0;0;
EKC3370;0;3;0;0;0;0;0;0;0;0;
JDS7749;0;1;0;0;0;0;0;0;0;0;
ZKH2712;1;1;0;0;0;0;0;0;0;0;
DVN9208;0;1;0;1;0;0;0;0;0;0;
NSY5121;0;1;0;0;1;0;0;0;0;0;
NBP0573;0;1;0;0;0;0;0;0;0;0;
QHJ1379;0;3;0;0;0;0;0;0;0;0;
IOA7974;0;1;0;1;0;0;0;0;0;0;
ASE5862;0;1;0;0;0;0;0;0;0;0;
HXW6309;1;0;0;0;1;0;0;0;0;0;
IOQ8988;0;1;0;0;0;0;1;0;0;0;
AOU0576;1;1;0;0;0;0;0;0;0;0;
LSU4370;0;0;0;0;1;0;0;0;0;0;
TRU9736;1;0;0;1;0;0;0;0;0;0;
KNX3793;1;1;0;0;0;0;0;0;0;0;
LYX4305;1;1;0;0;0;0;0;0;0;0;
IUB0991;1;0;0;0;1;0;0;0;0;0;
MUZ2408;0;2;0;0;0;0;0;0;0;0;
SNG4877;1;0;0;0;1;0;0;0;0;0;
MVC3712;2;1;0;0;0;0;0;0;0;0;
QZS5473;1;1;0;0;0;0;0;0;0;0;
GBU9632;1;1;0;0;0;0;0;0;0;0;
UIA6937;1;1;0;0;0;0;0;0;0;0;
UTX9611;0;2;0;0;0;0;0;0;0;0;
NYS4126;1;0;0;0;0;0;0;0;0;0;
JQJ6520;1;1;0;0;0;0;0;0;0;0;
ROT4184;1;1;0;0;0;0;0;0;0;0;
FDV8371;1;1;0;0;0;0;0;0;0;0;
UNJ4074;1;2;0;0;0;0;0;0;0;0;
BDV9518;1;0;0;1;0;0;0;0;0;0;
VTM3437;0;2;0;0;0;0;0;0;0;0;
BGU0171;1;1;0;0;0;0;0;0;0;0;
BGU0171;1;1;0;0;0;0;0;0;0;0;
REG3712;1;0;0;0;0;0;1;0;0;0;
PTD7923;1;1;0;0;0;0;0;0;0;0;
CKE2604;1;1;0;0;0;0;0;0;0;0;
VUL9563;1;1;0;0;0;0;0;0;0;0;
DXP6479;2;0;0;0;0;0;0;0;0;0;
SKE8344;0;1;0;0;1;0;0;0;0;0;
GDI5125;1;0;0;0;1;0;0;0;0;0;
LLO8532;1;1;0;0;0;0;0;0;0;0;
YJI6486;0;2;0;0;0;0;0;0;0;0;
HPV7607;1;1;0;0;0;0;0;0;0;0;
EQH8386;0;1;0;0;1;0;0;0;0;0;
NZY3222;1;1;0;0;0;0;0;0;0;0;
LYM0190;1;1;0;0;0;0;0;0;0;0;
SBN6414;1;1;0;0;0;0;0;0;0;0;
QWX1492;1;1;0;0;0;0;0;0;0;0;
WFX7526;1;1;0;0;0;0;0;0;0;0;
WFH3400;1;1;0;0;0;0;0;0;0;0;
EIK0847;1;0;1;0;1;0;0;0;0;0;
UIJ5916;1;1;0;0;0;0;0;0;0;0;
SRT6692;0;4;0;0;0;0;0;0;0;0;
FIH2931;2;0;0;0;0;0;0;0;0;0;
EDR9254;1;1;0;0;0;0;0;0;0;0;
NKQ5149;0;2;0;0;0;0;0;0;0;0;
EUF0986;1;0;1;0;0;0;0;0;0;0;
ILP3202;2;0;0;0;0;0;0;0;0;0;
YUW7785;0;2;0;0;0;0;0;0;0;0;
DLJ6875;0;1;0;1;0;0;0;0;0;0;
OOR2304;1;1;0;0;0;0;0;0;0;0;
DTN4272;1;1;0;0;0;0;0;0;0;0;
HVZ9853;0;1;0;0;0;0;0;0;0;0;
POJ5418;1;1;0;0;0;0;0;0;0;0;
IIF9477;0;1;0;0;0;0;0;0;0;0;
MZH1186;2;0;0;0;0;0;0;0;0;0;
AFD2382;1;1;0;0;0;0;0;0;0;0;
DYC8697;2;0;0;0;0;0;0;0;0;0;
TXM0668;1;1;0;0;0;0;0;0;0;0;
AIP8551;1;1;0;0;0;0;0;0;0;0;
DEG1908;0;1;0;0;0;0;0;0;0;0;
RXT2344;0;2;0;0;0;0;0;0;0;0;
IZK3071;0;2;0;0;0;0;0;0;0;0;
QJA9893;1;1;0;0;0;0;0;0;0;0;
OHX8899;1;1;0;0;0;0;0;0;0;0;
BGW2560;0;3;0;0;0;0;0;0;0;0;
CBI9472;1;1;0;0;0;0;0;0;0;0;
ZFO9882;0;2;0;0;0;0;0;1;0;0;
BQL3129;1;1;0;0;0;0;0;0;0;0;
FFX5948;0;1;0;1;0;0;0;0;0;0;
KBO4627;1;1;0;0;0;0;0;0;0;0;
NKF5893;1;1;0;0;0;0;0;0;0;0;
AEK5922;1;1;0;0;0;0;0;0;0;0;
QNJ8846;1;1;0;0;0;0;0;0;0;0;
AGH3654;1;1;0;0;0;0;0;0;0;0;
QGA0695;0;1;0;0;0;0;0;0;0;0;
MRC8721;1;1;0;0;0;0;0;0;0;0;
UFG9977;1;1;0;0;0;0;0;0;0;0;
LSO9866;0;2;0;0;0;0;0;0;0;0;
QGL9484;1;1;0;0;0;0;0;0;0;0;
XSV0383;1;1;0;0;0;0;0;0;0;0;
EOZ9682;1;1;0;0;0;0;0;0;0;0;
DFE9796;0;1;0;0;1;0;0;0;0;0;
IKI5143;0;1;0;0;0;0;0;0;0;0;
SPS8958;0;0;1;0;0;0;0;0;0;0;
ARI8146;1;1;0;0;0;0;0;0;0;0;
ZGN5475;1;1;0;0;0;0;0;0;0;0;
QTI5082;0;3;0;0;0;0;0;0;0;0;
XBC0015;0;1;0;0;0;1;0;0;0;0;
OCD8583;1;1;0;0;0;0;0;0;0;0;
EIS1091;1;1;0;0;0;0;0;0;0;0;
FTM9879;0;2;0;0;0;0;0;0;0;0;
VNV9841;1;1;0;0;0;0;0;0;0;0;
IEN2410;1;0;0;0;0;0;0;0;0;0;
GAH2729;1;1;0;0;0;0;0;0;0;0;
JNK7675;0;1;0;0;0;0;0;0;0;0;
FBQ5758;1;1;0;0;0;0;0;0;0;0;
FII5108;1;1;0;0;0;0;0;0;0;0;
INU4679;1;0;0;0;0;0;0;0;0;0;
IWO4148;0;2;0;0;0;0;0;0;0;0;
XFE7448;1;1;0;0;0;0;0;0;0;0;
KCG7093;1;1;0;0;0;0;0;0;0;0;
JPX9558;1;0;0;0;0;0;0;1;0;0;
TEK2638;0;2;0;0;0;0;0;0;0;0;
OJK9212;1;1;0;0;0;0;0;0;0;0;
PAH0278;1;1;0;0;0;0;0;0;0;0;
BYO2879;1;1;0;0;0;0;0;0;0;0;
PVY4076;1;1;0;0;0;0;0;0;0;0;
GAO1582;0;3;0;0;0;0;0;0;0;0;
XGV9693;1;1;0;0;0;0;0;0;0;0;
NTG2542;1;1;0;0;0;0;0;0;0;0;
LQU9345;1;1;0;0;0;0;0;0;0;0;
BRE7300;1;1;0;0;0;0;0;0;0;0;
NJE0327;1;1;0;0;0;0;0;0;0;0;
JZC2200;1;1;0;0;0;0;0;0;0;0;
ZBQ9922;0;2;0;0;0;0;0;0;0;0;
OXR6455;0;2;0;0;0;0;0;0;0;0;
DBH8862;1;1;0;0;0;0;0;0;0;0;
FHU5400;0;2;0;0;0;0;0;0;0;0;
JQI2886;1;0;0;0;1;0;0;0;0;0;
AEK1860;1;1;0;0;0;0;0;0;0;0;
RSS9184;0;1;0;1;0;0;0;0;0;0;
GTL1310;0;2;0;0;0;0;0;0;0;0;
FXC1264;1;1;0;0;0;0;0;0;0;0;
JZC8213;1;2;0;0;0;0;0;0;0;0;
HWB7306;0;1;0;0;0;0;0;0;0;0;
TFB2093;1;1;0;0;0;0;0;0;0;0;
UEG5448;1;1;0;0;0;0;0;0;0;0;
TTN9597;0;2;0;0;0;0;0;0;0;0;
JRW2269;1;1;0;0;0;0;0;0;0;0;
SXG6604;2;0;0;0;0;0;0;0;0;0;
DNX4314;0;1;0;0;0;0;0;0;0;0;
LND1050;1;1;0;0;0;0;0;0;0;0;
RRE2427;0;2;0;0;0;0;0;0;0;0;
QSM3498;1;0;0;0;0;0;0;1;0;0;
SHC2027;1;1;0;0;0;0;0;0;0;0;
UJD1128;1;1;0;0;0;0;0;0;0;0;
KPZ6090;1;1;0;0;0;0;0;0;0;0;
YFT8153;1;1;0;0;0;0;0;0;0;0;
BYL3847;0;1;0;0;0;0;0;0;0;0;
IKW6201;1;1;0;0;0;0;0;0;0;0;
OPD7587;0;2;0;0;0;0;0;0;0;0;
QMS3762;1;2;0;0;0;0;0;0;0;0;
TFL3906;2;0;0;0;0;0;0;0;0;0;
XLX7887;0;1;0;0;0;0;0;0;0;0;
HZP8528;1;0;0;0;1;0;0;0;0;0;
HUM5176;0;2;0;0;0;0;0;0;0;0;
LVD4821;0;1;0;0;0;0;0;0;0;0;
XKY9417;1;1;0;0;0;0;0;0;0;0;
COQ0057;2;0;0;0;0;0;0;0;0;0;
POA4409;1;0;0;1;0;0;0;0;0;0;
JAJ1951;1;0;0;0;0;0;0;1;0;0;
UBQ2174;1;1;0;0;0;0;0;0;0;0;
YNZ4028;1;1;0;0;0;0;0;0;0;0;
AON7264;0;2;0;0;0;0;0;0;0;0;
GMX8309;1;0;0;0;0;0;0;0;0;0;
OIM6431;1;1;0;0;0;0;0;0;0;0;
WAV7682;0;1;0;0;0;0;0;0;0;0;
OVM5001;0;2;0;0;0;0;0;0;0;0;
LSM7597;1;1;0;0;0;0;0;0;0;0;
JTZ5483;0;2;0;0;0;0;0;0;0;0;
CKI3211;1;1;0;0;0;0;0;0;0;0;
CBZ0282;1;1;0;0;0;0;0;0;0;0;
IVE5329;0;1;0;0;0;0;0;0;0;0;
VMS5078;0;1;0;1;0;0;0;0;0;0;
SQU8359;1;1;0;0;0;0;0;0;0;0;
ZAD3371;1;1;0;0;0;0;0;0;0;0;
XSJ8348;1;0;0;0;1;0;0;0;0;0;
DOB8870;0;2;0;0;0;0;0;0;0;0;
CTZ7888;0;2;0;0;0;0;0;0;0;0;
ZBE2184;0;1;0;1;0;0;0;0;0;0;
BPY6012;1;1;0;0;0;0;0;0;0;0;
FXY6663;0;0;0;0;1;0;0;0;0;0;
NRL0906;0;2;0;0;0;0;0;0;0;0;
KAC8687;1;0;0;0;0;0;0;0;0;0;
KAC8687;0;0;0;0;0;0;0;1;0;0;
KAC8687;0;1;0;0;0;0;0;0;0;0;
KAC8687;0;0;0;0;0;0;0;1;0;0;
DGZ9674;0;0;0;0;0;0;0;1;0;0;
YTK7586;0;0;0;0;0;0;0;1;0;0;
VRF2359;1;1;0;0;0;0;0;0;0;0;
WVA3277;1;2;0;0;0;0;0;0;0;0;
GDI2827;1;1;0;0;0;0;0;0;0;0;
BTM7751;0;1;0;0;0;0;1;0;0;0;
PSU2367;0;4;0;0;0;0;0;0;0;0;
PPD4103;0;0;0;0;1;0;0;0;0;0;
BDK9745;0;1;0;0;0;0;0;0;0;0;
IWL6975;0;1;0;0;0;0;0;0;0;0;
GAN7958;1;1;0;0;0;0;0;0;0;0;
ABP7332;0;2;0;0;0;0;0;0;0;0;
OMB3192;0;1;0;0;0;0;0;1;0;0;
TOZ1056;1;1;0;0;0;0;0;0;0;0;
JYH6033;0;1;0;0;0;0;0;0;0;0;
BXF8813;1;3;0;0;0;0;0;0;0;0;
ZGE6845;0;1;1;0;0;0;0;0;0;0;
OPC8636;0;2;0;0;0;0;0;0;0;0;
JXH7943;1;1;0;0;0;0;0;0;0;0;
WPP5866;1;0;0;0;0;0;0;0;0;0;
ISM3902;1;1;0;0;0;0;0;0;0;0;
COB5968;0;1;1;0;0;0;0;0;0;0;
HBR1394;1;1;0;0;0;0;0;0;0;0;
ZBC1671;1;1;0;0;0;0;0;0;0;0;
ZNH6737;1;1;0;0;0;0;0;0;0;0;
HNY3217;1;1;0;0;0;0;0;0;0;0;
UMV7285;1;0;0;0;0;0;0;0;0;0;
HGD6574;1;1;0;0;0;0;0;0;0;0;
DMI1550;0;1;0;0;0;0;0;0;0;0;
HGD6574;1;0;0;0;1;0;0;0;0;0;
PWN4833;1;1;0;0;0;0;0;0;0;0;
CVO5519;0;2;0;0;0;0;0;0;0;0;
WGW9034;1;1;0;0;0;0;0;0;0;0;
OBC8772;0;0;0;1;0;0;0;0;0;0;
EYX5209;1;1;0;0;0;0;0;0;0;0;
DRO7537;1;1;0;0;0;0;0;0;0;0;
RWA5948;0;1;0;0;0;0;0;0;0;0;
YCL4524;1;1;0;0;0;0;0;0;0;0;
UOS4922;1;1;0;0;0;0;0;0;0;0;
JIF2000;0;2;0;0;0;0;0;0;0;0;
OXO4663;0;1;0;0;0;0;0;0;0;0;
VQJ0318;1;0;0;0;0;0;0;0;0;0;
EWC1909;1;1;0;0;0;0;0;0;0;0;
CUP4152;1;1;0;0;0;0;0;0;0;0;
UOZ0859;2;0;0;0;0;0;0;0;0;0;
FZU8262;0;1;0;0;0;1;0;0;0;0;
QKQ5294;1;0;0;0;0;0;0;0;0;0;
ORE5511;1;1;0;0;0;0;0;0;0;0;
ODS5867;0;0;0;0;1;0;0;0;0;0;
UYH2769;1;1;0;0;0;0;0;0;0;0;
NCX3170;1;1;0;0;0;0;0;0;0;0;
FLT9555;0;0;0;0;1;0;0;0;0;0;
ZML1093;1;1;0;0;0;0;0;0;0;0;
QRW5275;1;1;0;0;0;0;0;0;0;0;
XQS9053;1;1;0;0;0;0;0;0;0;0;
TRG1607;1;0;0;1;0;0;0;0;0;0;
LDH6384;1;0;0;0;0;0;0;0;0;0;
JTC4356;0;1;0;0;0;0;0;0;0;0;
ALR2805;1;1;0;0;0;0;0;0;0;0;
RXW5980;0;1;0;0;0;0;0;0;0;0;
OXJ1976;1;2;0;0;0;0;0;0;0;0;
MCZ0798;1;1;0;0;0;0;0;0;0;0;
UQF1096;1;0;0;0;1;0;0;0;0;0;
NBQ4381;1;0;0;0;0;0;1;0;0;0;
TMC5874;2;0;0;0;0;0;0;0;0;0;
NGK7045;1;1;0;0;0;0;0;0;0;0;
FPC9039;0;2;0;0;0;0;0;0;0;0;
GDQ7137;1;0;0;0;0;0;0;0;0;0;
MEW9740;2;0;0;0;0;0;0;0;0;0;
ZZS8033;0;4;0;0;0;0;0;0;0;0;
HZS4167;0;1;0;0;0;0;0;0;0;0;
DGN2634;0;0;0;1;0;0;0;0;0;0;
DCB6864;0;0;0;0;2;0;0;0;0;0;
JQL0581;1;1;0;0;0;0;0;0;0;0;
SER9211;1;1;0;0;0;0;0;0;0;0;
COU7685;1;0;0;0;0;0;0;0;0;0;
CLI9732;1;1;0;0;0;0;0;0;0;0;
UXP0301;1;1;0;0;0;0;0;0;0;0;
BRS4343;0;2;0;0;0;0;0;0;0;0;
QLI7454;1;1;0;0;0;0;0;0;0;0;
ODI7859;1;0;0;0;0;0;0;1;0;0;
QAX0257;0;2;0;0;0;0;0;0;0;0;
USI4000;1;1;0;0;0;0;0;0;0;0;
TRH7867;1;1;0;0;0;0;0;0;0;0;
URM5891;1;0;0;0;0;0;0;0;0;0;
LEJ4075;0;1;0;0;0;0;0;0;0;0;
UZU1605;1;1;0;0;0;0;0;0;0;0;
KMV9056;0;2;0;0;0;0;0;0;0;0;
PJL0803;0;1;0;0;0;0;0;1;0;0;
FZA2960;1;1;0;0;0;0;0;0;0;0;
VDL1487;1;1;0;0;0;0;0;0;0;0;
LXS5552;1;0;0;1;0;0;0;0;0;0;
GAI1326;1;1;0;0;0;0;0;0;0;0;
NFG4954;1;1;0;0;0;0;0;0;0;0;
LUL6778;0;1;0;0;0;0;1;0;0;0;
RJG8195;0;2;0;0;0;0;0;0;0;0;
NNB6728;1;1;0;0;0;0;0;0;0;0;
NDO6787;1;1;0;0;0;0;0;0;0;0;
EUE0804;0;1;0;0;0;0;0;0;0;0;
ODF1927;0;2;0;0;0;0;0;0;0;0;
PUP4499;1;0;0;0;0;0;0;0;0;0;
GXK6710;2;0;0;0;0;0;0;0;0;0;
UOY7607;1;2;0;0;0;0;0;0;0;0;
DUY2582;1;1;0;0;0;0;0;0;0;0;
DBA0562;0;2;0;0;0;0;0;0;0;0;
MYV0597;1;2;0;0;0;0;0;1;0;0;
EFG8163;0;2;0;0;0;0;0;0;0;0;
BCT9444;0;0;1;0;0;0;0;0;0;0;
CYA6356;1;1;0;0;0;0;0;0;0;0;
KRT2863;1;1;0;0;0;0;0;0;0;0;
RHA0290;1;1;0;0;0;0;0;0;0;0;
PWM5874;1;1;0;0;0;0;0;0;0;0;
MZL7478;0;2;0;0;0;0;0;0;0;0;
RUT6727;1;0;1;0;0;0;0;0;0;0;
BIC0614;1;1;0;0;0;0;0;0;0;0;
ICO6101;1;0;0;0;0;0;0;0;1;0;
GKP0619;0;2;0;1;0;0;0;0;0;0;
UZJ4069;1;1;0;0;0;0;0;0;0;0;
WGU8766;1;0;0;1;0;0;0;0;0;0;
GBL7571;0;1;0;0;0;0;0;0;0;0;
RVN8401;0;1;0;0;0;0;0;0;0;0;
CJL7890;1;3;0;0;0;0;0;0;0;0;
MDL0548;0;1;0;0;0;0;0;0;0;0;
ZWR2770;1;1;0;0;0;0;0;0;0;0;
EBY6295;1;2;0;0;0;0;0;0;0;0;
DRA2749;2;0;0;0;0;0;0;0;0;0;
VID0829;1;0;0;0;0;0;0;0;0;0;
BTQ8749;1;0;0;0;0;0;0;0;0;0;
ZKO5990;0;1;0;0;0;0;0;0;0;0;
RQB5687;1;1;0;0;0;0;0;0;0;0;
HCJ6207;0;2;0;0;0;0;0;0;0;0;
FNL6776;0;1;0;0;1;0;0;0;0;0;
JJQ0675;1;1;0;0;0;0;0;0;0;0;
HVA4239;0;2;0;0;0;0;0;0;0;0;
ZJO8540;1;1;0;0;0;0;0;0;0;0;
CVL7504;1;0;0;0;0;0;0;0;0;0;
XOM1577;1;1;0;0;0;0;0;0;0;0;
AYJ3007;0;2;0;0;0;0;0;0;0;0;
JYK5890;2;0;0;0;0;0;0;0;0;0;
ZLX1356;0;1;0;0;1;0;0;0;0;0;
JQQ3917;1;0;0;1;0;0;0;0;0;0;
LAD2520;1;1;0;0;0;0;0;0;0;0;
GDL9552;0;3;0;0;0;0;0;0;0;0;
OQI3390;0;1;0;0;0;0;0;0;0;0;
DWZ8949;0;2;0;0;0;0;0;0;0;0;
ZGX5933;0;1;0;0;0;0;0;0;0;0;
AWC0540;0;1;0;0;0;0;0;0;0;0;
HMX5951;1;1;0;0;0;0;0;0;0;0;
THP8127;1;1;0;0;0;0;0;0;0;0;
DMD8327;1;1;0;0;0;0;0;0;0;0;
AQW6808;1;0;1;0;0;0;0;0;0;0;
WLL9222;1;1;0;0;0;0;0;0;0;0;
LQK2711;1;1;0;0;0;0;0;0;0;0;
KMB4444;2;0;0;0;0;0;0;0;0;0;
UBI4110;1;1;0;0;0;0;0;0;0;0;
CPL8214;0;2;0;0;0;0;0;0;0;0;
QVK7265;0;1;0;0;1;0;0;0;0;0;
CPL8214;1;1;0;0;0;0;0;0;0;0;
XQF3690;0;4;0;0;0;0;0;0;0;0;
IKR8730;1;1;0;0;0;0;0;0;0;0;
OWY9741;0;2;0;0;0;0;0;0;0;0;
RSY6597;0;2;0;0;0;0;0;0;0;0;
OZK7589;1;1;0;0;0;0;0;0;0;0;
UHH6408;1;1;0;0;0;0;0;0;0;0;
IQH5385;1;1;0;0;0;0;0;0;0;0;
BSW9698;1;1;0;0;0;0;0;0;0;0;
WPF7859;0;1;0;0;0;0;0;0;0;0;
VNU9665;1;0;0;1;0;0;0;0;0;0;
VOA5774;0;2;0;0;0;0;0;0;0;0;
BIS6296;2;0;0;0;0;0;0;0;0;0;
VUM1118;1;1;0;0;0;0;0;0;0;0;
HLP8432;1;1;0;0;0;0;0;0;0;0;
MBK2258;1;1;0;0;0;0;0;0;0;0;
ELZ7666;1;1;0;0;0;0;0;0;0;0;
TKT0690;1;1;0;0;0;0;0;0;0;0;
XRV5292;1;0;0;0;0;0;0;0;0;0;
GQR4443;0;1;0;0;0;0;0;0;0;0;
ZUA6564;0;3;0;0;0;0;0;0;0;0;
MCY5898;0;2;0;0;0;0;0;0;0;0;
RSG4428;1;0;0;0;1;0;0;0;0;0;
GTK0550;1;1;0;0;0;0;0;0;0;0;
WFA2419;1;1;0;0;0;0;0;0;0;0;
TMP4736;0;2;0;0;0;0;0;0;0;0;
SMM1739;0;1;0;1;0;0;0;0;0;0;
QLF8196;1;1;0;0;0;0;0;0;0;0;
TNE8655;1;0;0;0;1;0;0;0;0;0;
WRS4960;2;0;0;0;0;0;0;0;0;0;
HKZ9697;1;0;0;0;1;0;0;0;0;0;
WBW1731;1;0;0;1;0;0;0;0;0;0;
XCF8258;0;2;0;0;0;0;0;0;0;0;
EQE4486;1;1;0;0;0;0;0;0;0;0;
PEV0173;0;2;0;0;0;0;0;0;0;0;
WLB1340;1;1;0;0;0;0;0;0;0;0;
BVD8523;1;0;0;0;0;0;1;0;0;0;
PLA7632;1;1;0;0;0;0;0;0;0;0;
DKD2689;0;2;0;0;0;0;0;0;0;0;
ZPI9572;1;1;0;0;0;0;0;0;0;0;
XQU7242;1;1;0;0;0;0;0;0;0;0;
PNQ3943;1;0;0;1;0;0;0;0;0;0;
CTI4315;0;1;0;0;0;0;0;0;0;0;
LHU8202;1;1;0;0;0;0;0;0;0;0;
GJN7348;2;1;0;0;1;0;0;0;0;0;
IBH2358;1;2;0;0;0;0;0;0;0;0;
TGJ2263;0;1;1;0;0;0;0;0;0;0;
KPC9984;1;0;0;0;0;0;0;0;0;0;
EDF7451;1;1;0;0;0;0;0;0;0;0;
EPU9330;0;1;0;0;0;0;1;0;0;0;
EWE5574;0;2;0;0;0;0;0;0;0;0;
WXX8887;0;1;0;0;0;0;0;0;0;0;
VTC6635;1;1;0;0;0;0;0;0;0;0;
TUL2774;0;1;0;0;0;0;0;0;0;0;
FFC7227;1;2;0;0;0;0;0;0;0;0;
UZF3584;0;2;0;0;0;0;0;0;0;0;
FIX5342;0;2;0;0;0;0;0;0;0;0;
XEY7312;0;1;0;1;0;0;0;0;0;0;
HRA4846;1;1;0;0;0;0;0;0;0;0;
JSS2210;1;0;0;0;0;0;0;0;0;0;
TUS3498;1;1;0;0;0;0;0;0;0;0;
QIK4875;1;1;0;0;0;0;0;0;0;0;
WGZ1245;1;2;0;1;0;0;0;0;0;0;
ZGT4553;0;2;0;0;0;0;0;0;0;0;
ZDO5298;1;1;0;0;0;0;0;0;0;0;
OVU4068;1;0;0;0;0;0;0;0;0;0;
JUM8912;0;2;0;0;0;0;0;0;0;0;
QUJ8575;0;2;0;0;0;0;0;0;0;0;
CLJ4590;1;1;0;0;0;0;0;0;0;0;
CIY5676;0;1;0;0;1;0;0;0;0;0;
TJL8146;1;1;0;0;0;0;0;0;0;0;
ICT8013;1;1;0;0;0;0;0;0;0;0;
ECB4754;1;1;0;0;0;0;0;0;0;0;
QWJ9835;1;1;0;0;0;0;0;0;0;0;
IUY4827;1;1;0;0;0;0;0;0;0;0;
HGD2643;2;0;0;0;0;0;0;0;0;0;
BOS6908;1;1;0;0;0;0;0;0;0;0;
DXB7299;2;0;0;0;0;0;0;0;0;0;
HCW5036;1;1;0;0;0;0;0;0;0;0;
XOH4345;0;2;0;0;0;0;0;0;0;0;
IRM4979;1;1;0;0;0;0;0;0;0;0;
GDH4510;1;1;0;0;0;0;0;0;0;0;
AFX2995;1;1;0;0;0;0;0;0;0;0;
VBP7668;0;1;0;0;0;0;0;0;0;0;
COC8213;1;1;0;0;0;0;0;0;0;0;
VTD9684;0;3;0;0;0;0;0;0;0;0;
PZE5333;2;0;0;0;0;0;0;0;0;0;
RTG5765;1;1;0;0;0;0;0;0;0;0;
GVH0488;1;1;0;0;0;0;0;0;0;0;
PTK3366;0;0;0;0;0;0;0;1;0;0;
OMB9020;0;1;0;0;0;0;0;0;0;0;
QXD9908;1;0;0;0;1;0;0;0;0;0;
TVU7456;1;0;0;0;1;0;0;0;0;0;
VQN4015;1;1;0;0;0;0;0;0;0;0;
ZEU1082;1;1;0;0;0;0;0;0;0;0;
BCU9424;0;3;0;0;0;0;0;0;0;0;
JBW1181;1;1;0;0;0;0;0;0;0;0;
WPC5056;1;1;0;0;0;0;0;0;0;0;
ZEA5100;0;2;0;0;0;0;0;0;0;0;
IHZ3580;0;1;0;1;0;0;0;0;0;0;
POW9579;1;0;0;0;1;0;0;0;0;0;
IUX1862;1;1;0;0;0;0;0;0;0;0;
MLA1922;0;3;0;0;0;0;0;1;0;0;
HLW5709;0;1;0;0;0;0;0;0;0;0;
GWH8273;2;0;0;0;0;0;0;0;0;0;
BPB5295;0;3;0;0;0;0;0;0;0;0;
XPX1438;1;0;0;1;0;0;0;0;0;0;
ZCO6613;0;0;0;0;0;0;0;1;0;0;
GMV7665;1;1;0;0;0;0;0;0;0;0;
HLB1712;1;1;0;0;0;0;0;0;0;0;
WPQ0608;1;1;0;0;0;0;0;0;0;0;
LGO4256;1;1;0;0;0;0;0;0;0;0;
AFV7461;1;2;0;0;1;0;0;0;0;0;
ATW5713;1;1;0;0;0;0;0;0;0;0;
ANS4119;1;1;0;0;0;0;0;0;0;0;
ZJC0021;1;0;0;0;0;0;0;0;0;0;
WBA6759;0;2;0;0;0;0;0;0;0;0;
RLI7970;1;1;0;0;0;0;0;0;0;0;
NUD0222;1;1;0;0;0;0;0;0;0;0;
YCD9466;0;2;0;0;0;0;0;0;0;0;
SHG2934;1;0;0;1;0;0;0;0;0;0;
AQQ8525;0;1;0;0;0;0;0;0;0;0;
ETW9984;0;0;0;1;0;0;0;0;0;0;
YOX0625;1;1;0;0;0;0;0;0;0;0;
KVR0138;0;1;0;0;0;0;0;0;0;0;
LII2332;1;0;0;0;0;0;0;0;0;0;
GBJ4049;1;1;0;0;0;0;0;0;0;0;
TQQ9866;1;1;0;0;0;0;0;0;0;0;
NND9500;1;1;0;0;0;0;0;0;0;0;
OQK7750;0;1;0;0;0;0;0;0;0;0;
RYK8099;0;2;0;0;0;0;0;0;0;0;
ADZ9782;1;1;0;0;0;0;0;0;0;0;
MZX2421;0;2;0;0;0;0;0;0;0;0;
FCH9706;0;0;0;0;1;0;0;0;0;0;
KRQ7719;0;1;0;0;0;0;0;0;0;0;
XRM7111;0;2;0;0;0;0;0;0;0;0;
MKP9249;1;1;0;0;0;0;0;0;0;0;
CKG6115;0;1;0;0;0;0;0;0;0;0;
CIV4775;1;1;0;0;1;0;0;0;0;0;
VNL0359;1;1;0;0;0;0;0;0;0;0;
MOO3529;0;1;0;0;0;0;0;0;0;0;
RVN2821;1;0;0;0;0;0;1;0;0;0;
ONF0343;1;1;0;0;0;0;0;0;0;0;
CRW8030;1;1;0;0;0;0;0;0;0;0;
LRU3919;1;1;0;0;0;0;0;0;0;0;
NPF5492;1;0;0;0;0;0;0;0;0;0;
UID1376;1;1;0;0;0;0;0;0;0;0;
QQP2495;1;1;0;0;0;0;0;0;0;0;
QGO8648;1;1;0;0;0;0;0;0;0;0;
WRB1448;1;1;0;0;0;0;0;0;0;0;
HSV4534;1;2;0;0;0;0;0;0;0;0;
OWO5306;2;0;0;0;0;0;0;0;0;0;
DZM1398;0;1;0;0;0;1;0;0;0;0;
OOU1438;1;1;0;0;0;0;0;0;0;0;
HQT1815;1;1;0;0;0;0;0;0;0;0;
DJJ1154;1;0;0;1;0;0;0;0;0;0;
OOQ4741;1;0;0;0;0;0;0;0;0;0;
BCV7648;1;1;0;0;0;0;0;0;0;0;
QTB3077;1;0;0;0;0;0;0;0;0;0;
HFN3362;0;1;0;0;0;0;0;0;0;0;
PJZ5976;1;0;0;0;0;0;0;0;0;0;
DMG5038;0;0;0;0;0;0;0;1;0;0;
OHI0596;1;0;0;0;0;0;0;0;0;0;
HYM7387;1;1;0;0;0;0;0;0;0;0;
TRU8190;0;1;1;0;0;0;0;0;0;0;
XDP7515;2;0;0;0;0;0;0;0;0;0;
TRP3273;1;0;0;0;0;0;0;0;0;0;
TRP3273;0;0;0;0;0;0;0;1;0;0;
CSG3982;0;1;0;0;0;0;1;0;0;0;
KFF9070;1;1;0;0;0;0;0;0;0;0;
ULS6774;1;1;0;0;0;0;0;0;0;0;
EXM4755;1;1;0;0;0;0;0;0;0;0;
QTQ8053;1;2;0;0;0;0;0;0;0;0;
RXZ0336;0;1;0;0;0;0;0;0;0;0;
QUZ8938;0;3;0;0;0;0;0;0;0;0;
EXD8757;1;1;0;0;0;0;0;0;0;0;
CVT1543;2;0;0;0;0;0;0;0;0;0;
YNF1160;1;1;0;0;0;0;0;0;0;0;
ISH4047;0;1;0;0;0;0;0;0;0;0;
YNF1160;1;1;0;0;0;0;0;0;0;0;
NWG9087;1;0;0;0;1;0;0;0;0;0;
UOS9785;0;4;0;0;0;0;0;0;0;0;
JVM7876;1;2;0;0;0;0;0;0;0;0;
VKR3140;1;0;0;0;0;0;0;0;0;0;
WSQ6891;2;0;0;0;0;0;0;0;0;0;
OAD5023;1;1;0;0;0;0;0;0;0;0;
LNB9434;1;1;0;0;0;0;0;0;0;0;
AHJ1193;1;1;0;0;0;0;0;0;0;0;
LIT3423;1;1;0;0;0;0;0;0;0;0;
CTV3045;0;1;0;1;0;0;0;0;0;0;
UKE5675;1;1;0;0;0;0;0;0;0;0;
LIT3423;1;1;0;0;0;0;0;0;0;0;
AIV1776;0;1;0;0;0;0;0;0;0;0;
GSR8921;0;1;0;0;1;0;0;0;0;0;
XXQ4271;0;2;0;0;0;0;0;0;0;0;
DGQ8519;0;2;0;0;0;0;0;0;0;0;
XRJ1987;0;1;0;0;0;0;0;0;0;0;
UFA1142;1;1;0;0;0;0;0;0;0;0;
XON9843;1;1;0;0;0;0;0;0;0;0;
DED2410;1;0;0;0;0;0;0;0;0;0;
YJX6844;1;1;0;0;0;0;0;0;0;0;
NYJ4775;1;1;0;0;0;0;0;0;0;0;
MGY4499;1;1;0;0;0;0;0;0;0;0;
XWS6830;1;1;0;0;0;0;0;0;0;0;
TOJ4841;1;1;0;0;0;0;0;0;0;0;
QRQ3699;1;1;0;0;0;0;0;0;0;0;
KWY7501;1;1;0;0;0;0;0;0;0;0;
PLW7291;1;1;0;0;0;0;0;0;0;0;
NZT1203;3;0;0;0;0;0;0;0;0;0;
QFC7896;1;1;0;0;0;0;0;0;0;0;
OPU8002;0;1;0;0;0;0;0;0;0;0;
QNS2102;0;1;0;0;0;0;0;0;0;0;
GWY5778;0;1;0;0;1;0;0;1;0;0;
AUG6915;1;1;0;0;0;0;0;0;0;0;
VME6969;0;1;0;0;0;0;0;0;0;0;
YRZ2178;0;2;0;0;0;0;0;0;0;0;
MIR5921;1;0;0;0;0;0;1;0;0;0;
FSH8864;0;2;0;0;0;0;0;0;0;0;
CAV3594;0;1;0;0;0;0;0;0;0;0;
HRC4787;0;0;1;1;0;0;0;0;0;0;
GTN7395;1;0;0;0;0;0;0;1;0;0;
UPO8869;1;1;0;0;0;0;0;0;0;0;
GJX0284;1;0;0;0;1;0;0;0;0;0;
XJZ4417;0;1;0;0;0;0;0;0;0;0;
VFO0672;1;1;0;0;0;0;0;0;0;0;
FRC5364;1;1;0;0;0;0;0;0;0;0;
YVH6306;1;1;0;0;0;0;0;0;0;0;
XGL7304;0;1;0;0;0;0;0;0;0;0;
QGL6855;0;2;0;0;0;0;0;0;0;0;
EPG7644;0;3;0;0;0;0;0;0;0;0;
WUB8909;0;2;0;0;0;0;0;0;0;0;
BEP2718;0;2;0;0;0;0;0;0;0;0;
IMR4725;1;1;0;0;0;0;0;0;0;0;
MMX3509;0;0;0;1;0;0;0;0;0;0;
RMP7587;1;1;0;0;0;0;0;0;0;0;
UUW6048;1;0;0;0;0;0;0;0;0;0;
WVW4665;0;1;0;0;0;0;0;0;0;0;
XXM6261;0;3;0;0;0;0;0;0;0;0;
BPV5972;1;1;0;0;0;0;0;0;0;0;
HZB7848;1;1;0;0;0;0;0;0;0;0;
SSM5670;1;1;0;0;0;0;0;0;0;0;
BFB4997;1;1;0;0;0;0;0;0;0;0;
YQB0315;1;0;0;0;0;0;0;0;0;0;
XUR6214;0;1;0;0;0;0;0;0;0;0;
PRE8111;1;1;0;0;0;0;0;0;0;0;
EDM7270;1;1;0;0;0;0;0;0;0;0;
SCY2595;1;1;0;0;0;0;0;0;0;0;
XRA2775;0;3;0;0;0;0;0;0;0;0;
CTJ7498;1;1;0;0;0;0;0;0;0;0;
BCC6472;0;2;0;0;0;0;0;0;0;0;
YNN0964;1;1;0;0;0;0;0;0;0;0;
GYX4333;0;0;0;0;0;0;0;1;0;0;
KOQ8043;0;0;0;0;0;0;0;1;0;0;
BKB1698;1;1;0;0;0;0;0;0;0;0;
CJT0893;1;1;0;0;0;0;0;0;0;0;
UYA8473;0;1;0;0;1;0;0;0;0;0;
BVK2540;0;1;0;0;0;0;1;0;0;0;
CSI6345;1;1;0;0;0;0;0;0;0;0;
YOY6059;1;1;0;0;0;0;0;0;0;0;
KDU4412;1;1;0;0;0;0;0;0;0;0;
BMT7196;0;0;0;0;0;0;0;1;0;0;
KXP9461;1;1;0;0;0;0;0;0;0;0;
DIL9504;2;0;0;0;0;0;0;0;0;0;
JLN0379;1;1;0;0;0;0;0;0;0;0;
UWK8064;1;1;0;0;0;0;0;0;0;0;
OIE2717;1;1;0;0;0;0;0;0;0;0;
ERZ7731;1;1;0;0;0;0;0;0;0;0;
EQP9664;2;1;0;0;0;0;0;0;0;0;
BMT7196;0;0;0;0;1;0;0;0;0;0;
BMT7196;1;0;0;1;0;0;0;0;0;0;
MYJ1678;1;0;0;0;0;0;0;0;0;0;
UYE1033;1;1;0;0;0;0;0;0;0;0;
JQQ6837;1;1;0;0;0;0;0;0;0;0;
JQQ6837;1;1;0;0;0;0;0;0;0;0;
ZMD2243;1;1;0;0;0;0;0;0;0;0;
FRG8373;1;0;0;0;0;0;0;1;0;0;
RMW3205;1;1;0;0;0;0;0;0;0;0;
KAZ6706;0;0;0;1;0;0;0;0;0;0;
DBE2844;0;1;0;0;0;0;0;0;0;0;
VAL8182;0;2;0;0;0;0;0;0;0;0;
TSW8179;1;1;0;0;0;0;0;0;0;0;
TIU6025;1;1;0;0;0;0;0;0;0;0;
QHZ6413;1;1;0;0;0;0;0;0;0;0;
EXR3192;0;2;0;0;0;0;0;0;0;0;
MVM3180;0;2;0;0;0;0;0;0;0;0;
LVQ8323;0;2;0;0;0;0;0;0;0;0;
XVG6019;0;2;0;0;0;0;0;0;0;0;
IWD4177;0;2;0;0;0;0;0;0;0;0;
PRZ5641;1;0;0;0;0;0;0;0;0;0;
FPG8738;0;1;0;0;0;0;1;0;0;0;
TOI3914;0;0;0;0;1;0;0;0;0;0;
ZHS5496;1;0;0;0;0;0;0;0;0;0;
FPG8738;0;1;0;0;1;0;0;0;0;0;
UEJ4577;0;2;0;0;0;0;0;0;0;0;
ANY9283;1;1;0;0;0;0;0;0;0;0;
CMB7364;0;1;0;0;0;0;0;0;0;0;
MAF0356;0;4;0;0;0;0;0;0;0;0;
JZI1695;1;1;0;0;0;0;0;0;0;0;
EHD6053;1;1;0;0;0;0;0;0;0;0;
PRK3592;1;1;0;0;0;0;0;0;0;0;
LGP3802;0;2;0;0;0;0;0;0;0;0;
YWH2228;1;1;0;0;0;0;0;0;0;0;
OKJ5586;2;0;0;0;0;0;0;0;0;0;
CIM3273;0;1;0;1;0;0;0;0;0;0;
OKK8827;0;1;0;0;0;0;1;0;0;0;
LSL3796;1;1;0;0;0;0;0;0;0;0;
ZRC2702;1;1;0;0;0;0;0;0;0;0;
EJT2475;0;2;0;0;0;0;0;0;0;0;
EZW8023;2;0;0;0;0;0;0;0;0;0;
QDY1900;1;1;0;0;0;0;0;0;0;0;
XHH7136;1;1;0;0;0;0;0;0;0;0;
QKB7710;0;3;0;0;0;0;0;0;0;0;
FBB5476;0;2;0;0;0;0;0;0;0;0;
RGW5132;0;1;0;0;0;0;0;0;0;0;
VKY5805;1;1;0;0;0;0;0;0;0;0;
VAA3085;1;1;0;0;0;0;0;0;0;0;
IJZ3051;0;1;0;0;0;0;0;0;0;0;
RRJ0049;0;1;0;0;0;0;1;0;0;0;
CSZ1805;0;0;0;0;0;0;0;1;0;0;
EHP3198;1;0;0;0;0;0;0;0;0;0;
EHP3198;0;0;0;0;0;0;0;1;0;0;
EHP3198;1;0;0;0;0;0;0;0;0;0;
LVU8513;1;1;0;0;0;0;0;0;0;0;
LDK8230;1;0;0;0;0;0;0;0;0;0;
LDK8230;0;0;0;0;0;0;0;1;0;0;
LDK8230;2;0;0;0;0;0;0;0;0;0;
LDK8230;1;0;0;0;0;0;0;0;0;0;
FYY7678;1;0;0;0;0;0;0;0;0;0;
FYY7678;1;0;0;0;1;0;0;0;0;0;
OHJ9938;0;0;0;0;0;0;0;1;0;0;
OHJ9938;0;1;0;0;0;0;0;0;0;0;
AHR6636;0;0;0;0;0;0;0;1;0;0;
AHR6636;0;0;0;0;0;0;0;1;0;0;
JTL8890;0;1;0;1;0;0;0;0;0;0;
EGM0117;2;1;0;0;0;0;0;0;0;0;
TOK8170;2;0;0;0;0;0;0;0;0;0;
XHR8752;1;1;0;0;0;0;0;0;0;0;
QIM9289;1;0;0;0;0;0;0;0;0;0;
SQS0548;1;0;0;0;0;0;0;0;0;0;
WED6004;0;1;0;0;0;0;0;0;0;0;
XLF3164;1;1;0;0;0;0;0;0;0;0;
XLF3164;0;1;0;0;0;0;0;0;0;0;
XLF3164;1;0;0;0;1;0;0;0;0;0;
XLF3164;0;1;0;0;0;0;0;0;0;0;
HRB3876;2;0;0;0;0;0;0;0;0;0;
IXN3943;1;0;0;0;0;0;0;0;0;0;
JVP8360;1;1;0;0;0;0;0;0;0;0;
WFZ7522;1;0;0;0;0;0;0;0;0;0;
RJQ8710;1;0;0;0;0;0;0;0;0;0;
RJQ8710;0;1;0;0;0;0;0;0;0;0;
JZQ1835;0;1;0;0;0;0;0;0;0;0;
JZQ1835;1;0;0;0;0;0;0;0;0;0;
BOG6034;1;0;0;0;0;0;0;0;0;0;
QMG0604;1;0;0;0;0;0;0;0;0;0;
QMG0604;0;1;0;0;0;0;0;0;0;0;
HMU4651;1;0;0;0;0;0;0;0;0;0;
HMU4651;0;1;0;0;0;0;0;0;0;0;
HMU4651;1;0;0;0;0;0;0;0;0;0;
OZG4505;1;0;0;0;0;0;0;0;0;0;
OZG4505;1;0;0;0;0;0;1;0;0;0;
